id,titulo_original,titulo_revisado,autor,afiliação,orcid,key_file
1,Multipurpose Quantum Network Simulators: A comparative study,Multipurpose Quantum Network Simulators: A comparative study,Diego Abreu,Federal University of Pará (UFPA),https://orcid.org/0000-0003-3969-8322,30010-2546-24450-1-10-20240828
1,Multipurpose Quantum Network Simulators: A comparative study,Multipurpose Quantum Network Simulators: A comparative study,Arthur Pimentel,Federal University of Pará (UFPA),,30010-2546-24450-1-10-20240828
1,Multipurpose Quantum Network Simulators: A comparative study,Multipurpose Quantum Network Simulators: A comparative study,Polyana Moraes,Federal University of Pará (UFPA),,30010-2546-24450-1-10-20240828
1,Multipurpose Quantum Network Simulators: A comparative study,Multipurpose Quantum Network Simulators: A comparative study,David Tavares,Federal University of Pará (UFPA),,30010-2546-24450-1-10-20240828
1,Multipurpose Quantum Network Simulators: A comparative study,Multipurpose Quantum Network Simulators: A comparative study,Alan Veloso,Federal University of Pará (UFPA),,30010-2546-24450-1-10-20240828
1,Multipurpose Quantum Network Simulators: A comparative study,Multipurpose Quantum Network Simulators: A comparative study,Antônio Abelém,Federal University of Pará (UFPA),https://orcid.org/0000-0003-4085-6674,30010-2546-24450-1-10-20240828
2,Análise de desempenho de linguagens de programação e bibliotecas quânticas,Análise de desempenho de linguagens de programação e bibliotecas quânticas,Jorge G. Viegas,Universidade do Vale do Rio dos Sinos - UNISINOS Caixa Postal 93.022-718 – S˜ao Leopoldo – RS – Brasil,,17219-2102-13810-1-10-20210916
2,Análise de desempenho de linguagens de programação e bibliotecas quânticas,Análise de desempenho de linguagens de programação e bibliotecas quânticas,Gilberto Irajá Müller,Universidade do Vale do Rio dos Sinos - UNISINOS Caixa Postal 93.022-718 – S˜ao Leopoldo – RS – Brasil,,17219-2102-13810-1-10-20210916
3,Optimization of a Polarization-Encoding System for Practical Quantum Key Distribution,Optimization of a Polarization-Encoding System for Practical Quantum Key Distribution,Hugo F. Costa,"Instituto de Telecomunicacões – University of Aveiro, 3810-193, Aveiro, Portugal, Physics Department – University of Coimbra, R. Larga 2, 3000-370 Coimbra.",,21500-2102-17427-1-10-20220825
3,Optimization of a Polarization-Encoding System for Practical Quantum Key Distribution,Optimization of a Polarization-Encoding System for Practical Quantum Key Distribution,Nelson J. Muga,"Instituto de Telecomunicacões – University of Aveiro, 3810-193, Aveiro, Portugal. / Physics Department – University of Coimbra, R. Larga 2, 3000-370 Coimbra.",https://orcid.org/0000-0003-4412-8025,21500-2102-17427-1-10-20220825
3,Optimization of a Polarization-Encoding System for Practical Quantum Key Distribution,Optimization of a Polarization-Encoding System for Practical Quantum Key Distribution,Nuno A. Silva,"Instituto de Telecomunicacões – University of Aveiro, 3810-193, Aveiro, Portugal. Instituto de Telecomunicacões – University of Aveiro, 3810-193, Aveiro, Portugal. ",https://orcid.org/0000-0002-1061-1716,21500-2102-17427-1-10-20220825
3,Optimization of a Polarization-Encoding System for Practical Quantum Key Distribution,Optimization of a Polarization-Encoding System for Practical Quantum Key Distribution,Armando N.Pinto,"Instituto de Telecomunicacões – University of Aveiro, 3810-193, Aveiro, Portugal. ",,21500-2102-17427-1-10-20220825
4,Desafios e Oportunidades rumo `a Internet Quântica,Desafios e Oportunidades rumo à Internet Quântica,Antônio J. G. Abelém,Universidade Federal do Pará (UFPA),https://orcid.org/0000-0003-4085-6674,17221-2102-13812-1-10-20210916
4,Desafios e Oportunidades rumo `a Internet Quântica,Desafios e Oportunidades rumo à Internet Quântica,Christian R. Esteve Rothenberg,Universidade Estadual de Campinas (Unicamp),https://orcid.org/0000-0003-3109-4305,17221-2102-13812-1-10-20210916
5,Caracterização das pesquisas sobre a próxima rede global de comunicação: a Internet Quântica,Caracterização das pesquisas sobre a próxima rede global de comunicação: a Internet Quântica,Moniele S. Sousa,Programa de Pós-graduação em Ciência da Computação Universidade Federal de Uberlândia (UFU) 38408-100 – Uberlândia – MG – Brazil,,17220-2102-13811-1-10-20210916
5,Caracterização das pesquisas sobre a próxima rede global de comunicação: a Internet Quântica,Caracterização das pesquisas sobre a próxima rede global de comunicação: a Internet Quântica,Alex F. de Paulo,"Faculdade de Informação e Comunicação Universidade Federal de Goiás, Goiânia, GO – Brazil",,17220-2102-13811-1-10-20210916
5,Caracterização das pesquisas sobre a próxima rede global de comunicação: a Internet Quântica,Caracterização das pesquisas sobre a próxima rede global de comunicação: a Internet Quântica,Flávio de O. Silva,Programa de Pós-graduação em Ciência da Computação Universidade Federal de Uberlândia (UFU) 38408-100 – Uberlândia – MG – Brazil,,17220-2102-13811-1-10-20210916
5,Caracterização das pesquisas sobre a próxima rede global de comunicação: a Internet Quântica,Caracterização das pesquisas sobre a próxima rede global de comunicação: a Internet Quântica,João H. de S. Pereira,Programa de Pós-graduação em Ciência da Computação Universidade Federal de Uberlândia (UFU) 38408-100 – Uberlândia – MG – Brazil,,17220-2102-13811-1-10-20210916
6,Estudo e Simulação de uma Rede de Distribuição de Chaves Quânticas de Alto Desempenho para o Campus da UFPA,Estudo e Simulação de uma Rede de Distribuição de Chaves Quânticas de Alto Desempenho para o Campus da UFPA,David Tavares,Universidade Federal do Pará (UFPA),,26633-2174-22007-1-10-20231218
6,Estudo e Simulação de uma Rede de Distribuição de Chaves Quânticas de Alto Desempenho para o Campus da UFPA,Estudo e Simulação de uma Rede de Distribuição de Chaves Quânticas de Alto Desempenho para o Campus da UFPA,Arthur Pimentel,Universidade Federal do Pará (UFPA),,26633-2174-22007-1-10-20231218
6,Estudo e Simulação de uma Rede de Distribuição de Chaves Quânticas de Alto Desempenho para o Campus da UFPA,Estudo e Simulação de uma Rede de Distribuição de Chaves Quânticas de Alto Desempenho para o Campus da UFPA,Diego Abreu,Universidade Federal do Pará (UFPA),https://orcid.org/0000-0003-3969-8322,26633-2174-22007-1-10-20231218
6,Estudo e Simulação de uma Rede de Distribuição de Chaves Quânticas de Alto Desempenho para o Campus da UFPA,Estudo e Simulação de uma Rede de Distribuição de Chaves Quânticas de Alto Desempenho para o Campus da UFPA,Antônio Abelém,Universidade Federal do Pará (UFPA),https://orcid.org/0000-0003-4085-6674,26633-2174-22007-1-10-20231218
7,The Rio Quantum Network: a reconfigurable hybrid multi-user metropolitan quantum key distribution network,The Rio Quantum Network: a reconfigurable hybrid multi-user metropolitan quantum key distribution network,Guilherme P. Temporão,"Departamento de Eng. Elétrica, Pontifícia Universidade Católica do Rio de Janeiro Rio de Janeiro, RJ – Brazil",https://orcid.org/0000-0002-5244-3394,30009-2546-24449-1-10-20240828
7,The Rio Quantum Network: a reconfigurable hybrid multi-user metropolitan quantum key distribution network,The Rio Quantum Network: a reconfigurable hybrid multi-user metropolitan quantum key distribution network,Fernando R. V. Bandeira de Melo,"Centro Brasileiro de Pesquisas Físicas Rio de Janeiro, RJ – Brazil",https://orcid.org/0000-0002-8523-1048,30009-2546-24449-1-10-20240828
7,The Rio Quantum Network: a reconfigurable hybrid multi-user metropolitan quantum key distribution network,The Rio Quantum Network: a reconfigurable hybrid multi-user metropolitan quantum key distribution network,Antonio Z. Khoury,"Departamento de Física, Universidade Federal Fluminense Niterói, RJ – Brazil",https://orcid.org/0000-0002-7487-5067,30009-2546-24449-1-10-20240828
8,Optical simulation of Markovian quantum channels,Optical simulation of Markovian quantum channels,Marcello H. Passos,"Instituto de Física, Universidade Federal Fluminense (UFF) Av. Gal. Milton Tavares de Souza s/n, Gragoatá, 24210-346, Niterói, RJ – Brasil, Instituto de Ciências Exatas, Universidade Federal Fluminense (UFF) Rua De. Ellis Hermydio Figureia, 783, 27213-145, Volta Redonda RJ Brasil",,30006-2546-24446-2-10-20240903
8,Optical simulation of Markovian quantum channels,Optical simulation of Markovian quantum channels,Paola C. Obando,"Instituto de Física, Universidade Federal Fluminense (UFF) Av. Gal. Milton Tavares de Souza s/n, Gragoatá, 24210-346, Niterói, RJ – Brasil",,30006-2546-24446-2-10-20240903
8,Optical simulation of Markovian quantum channels,Optical simulation of Markovian quantum channels,Fagner M. Paula,"Centro de Ciências Naturais e Humanas, Universidade Federal do ABC (UFABC) Avenida dos Estados 5001, 09210-580, Santo André, São Paulo – Brasil",,30006-2546-24446-2-10-20240903
8,Optical simulation of Markovian quantum channels,Optical simulation of Markovian quantum channels,José A.O. Huguenin,"Instituto de Física, Universidade Federal Fluminense (UFF) Av. Gal. Milton Tavares de Souza s/n, Gragoatá, 24210-346, Niterói, RJ – Brasil, Instituto de Ciências Exatas, Universidade Federal Fluminense (UFF) Rua De. Ellis Hermydio Figureia, 783, 27213-145, Volta Redonda RJ Brasil",,30006-2546-24446-2-10-20240903
9,Desafios e Oportunidades de Pesquisa para o Roteamento em Redes Quânticas,Desafios e Oportunidades de Pesquisa para o Roteamento em Redes Quânticas,Diego Abreu,Universidade Federal do Pará (UFPA),https://orcid.org/0000-0003-3969-8322,21499-2102-17426-1-10-20220825
9,Desafios e Oportunidades de Pesquisa para o Roteamento em Redes Quânticas,Desafios e Oportunidades de Pesquisa para o Roteamento em Redes Quânticas,Antônio Abelém,Universidade Federal do Pará (UFPA),https://orcid.org/0000-0003-4085-6674,21499-2102-17426-1-10-20220825
9,Desafios e Oportunidades de Pesquisa para o Roteamento em Redes Quânticas,Desafios e Oportunidades de Pesquisa para o Roteamento em Redes Quânticas,Christian R. Esteve Rothenberg,Universidade Estadual de Campinas (Unicamp),https://orcid.org/0000-0003-3109-4305,21499-2102-17426-1-10-20220825
10,Alocação de Recursos em Redes de Distribuição Quântica de Chaves Multiprotocolo,Alocação de Recursos em Redes de Distribuição Quântica de Chaves Multiprotocolo,Arthur Pimentel,"Instituto de Ciências Exatas Universidade Federal do Pará UFPA, Belém, Pará",,29866-301-24307-1-10-20240810
10,Alocação de Recursos em Redes de Distribuição Quântica de Chaves Multiprotocolo,Alocação de Recursos em Redes de Distribuição Quântica de Chaves Multiprotocolo,Diego Abreu,"Instituto de Ciências Exatas Universidade Federal do Pará UFPA, Belém, Pará",,29866-301-24307-1-10-20240810
10,Alocação de Recursos em Redes de Distribuição Quântica de Chaves Multiprotocolo,Alocação de Recursos em Redes de Distribuição Quântica de Chaves Multiprotocolo,Antônio Abelém,"Instituto de Ciências Exatas Universidade Federal do Pará UFPA, Belém, Pará",https://orcid.org/0000-0003-4085-6674,29866-301-24307-1-10-20240810
11,Efficient Randomness Extraction in Quantum Random Number Generators,Efficient Randomness Extraction in Quantum Random Number Generators,Maurício J. Ferreira,"Instituto de Telecomunicacões – University of Aveiro, 3810-193, Aveiro, Portugal. / Physics Department – University of Coimbra, R. Larga 2, 3000-370 Coimbra.",,21498-2102-17425-1-10-20220825
11,Efficient Randomness Extraction in Quantum Random Number Generators,Efficient Randomness Extraction in Quantum Random Number Generators,Nuno A. Silva,"Instituto de Telecomunicacões – University of Aveiro, 3810-193, Aveiro, Portugal. / Physics Department – University of Coimbra, R. Larga 2, 3000-370 Coimbra.",https://orcid.org/0000-0002-1061-1716,21498-2102-17425-1-10-20220825
11,Efficient Randomness Extraction in Quantum Random Number Generators,Efficient Randomness Extraction in Quantum Random Number Generators,Nelson J. Muga,"Instituto de Telecomunicacões – University of Aveiro, 3810-193, Aveiro, Portugal. Instituto de Telecomunicacões – University of Aveiro, 3810-193, Aveiro, Portugal. ",https://orcid.org/0000-0003-4412-8025,21498-2102-17425-1-10-20220825
12,Alocação de Recursos em Redes de Distribuição Quântica de Chaves Definidas por Software,Alocação de Recursos em Redes de Distribuição Quântica de Chaves Definidas por Software,Arthur Pimentel,Universidade Federal do Pará (UFPA),,31631-2606-25940-1-10-20241121
12,Alocação de Recursos em Redes de Distribuição Quântica de Chaves Definidas por Software,Alocação de Recursos em Redes de Distribuição Quântica de Chaves Definidas por Software,Diego Abreu,Universidade Federal do Pará (UFPA),https://orcid.org/0000-0003-3969-8322,31631-2606-25940-1-10-20241121
12,Alocação de Recursos em Redes de Distribuição Quântica de Chaves Definidas por Software,Alocação de Recursos em Redes de Distribuição Quântica de Chaves Definidas por Software,Antônio Abelém,Universidade Federal do Pará (UFPA),https://orcid.org/0000-0003-4085-6674,31631-2606-25940-1-10-20241121
13,Distributed Quantum Walk Control Plane Implementation,Distributed Quantum Walk Control Plane Implementation,André Ribeiro,Departamento de Ciência da Computação Universidade de São Paulo (USP),,30011-2546-24451-1-10-20240828
13,Distributed Quantum Walk Control Plane Implementation,Distributed Quantum Walk Control Plane Implementation,Matheus Guedes de Andrade,Manning College of Information and Computer Sciences University of Massachusetts Amherst,https://orcid.org/0000-0002-9968-0194,30011-2546-24451-1-10-20240828
13,Distributed Quantum Walk Control Plane Implementation,Distributed Quantum Walk Control Plane Implementation,Fabio Kon,Departamento de Ciência da Computação Universidade de São Paulo (USP),https://orcid.org/0000-0003-3888-7340,30011-2546-24451-1-10-20240828
13,Distributed Quantum Walk Control Plane Implementation,Distributed Quantum Walk Control Plane Implementation,and Don Towsley,Manning College of Information and Computer Sciences University of Massachusetts Amherst,,30011-2546-24451-1-10-20240828
14,qIDS: Sistema de Detecção de Ataques baseado em Aprendizado de Máquina Quântico Híbrido,qIDS: Sistema de Detecção de Ataques baseado em Aprendizado de Máquina Quântico Híbrido,Diego Abreu,Universidade Federal do Pará (UFPA),https://orcid.org/0000-0003-3969-8322,29800-157-24241-1-10-20240808
14,qIDS: Sistema de Detecção de Ataques baseado em Aprendizado de Máquina Quântico Híbrido,qIDS: Sistema de Detecção de Ataques baseado em Aprendizado de Máquina Quântico Híbrido,Christian R. Esteve Rothenberg,Universidade Estadual de Campinas (UNICAMP),https://orcid.org/0000-0003-3109-4305,29800-157-24241-1-10-20240808
14,qIDS: Sistema de Detecção de Ataques baseado em Aprendizado de Máquina Quântico Híbrido,qIDS: Sistema de Detecção de Ataques baseado em Aprendizado de Máquina Quântico Híbrido,Antônio Abelém,Universidade Federal do Pará (UFPA),https://orcid.org/0000-0003-4085-6674,29800-157-24241-1-10-20240808
15,Collision Warning in Vehicular Networks Based on Quantum Secure Multiparty Computation,Collision Warning in Vehicular Networks Based on Quantum Secure Multiparty Computation,Zeinab Rahmani,"Department of Electronics, Telecommunications and Informatics – University of Aveiro Aveiro – Portugal, Instituto de Telecomunicações (IT) – Aveiro – Portugal, International Iberian Nanotechnology Laboratory (INL) – Braga – Portugal",,21496-2102-17423-1-10-20220825
15,Collision Warning in Vehicular Networks Based on Quantum Secure Multiparty Computation,Collision Warning in Vehicular Networks Based on Quantum Secure Multiparty Computation,Luis S. Barbosa,"International Iberian Nanotechnology Laboratory (INL) – Braga – Portugal, Department of Computer Science – University of Minho – Braga – Portugal, Instituto de Engenharia de Sistemas e Computadores, Tecnologia e Ciência (INESC TEC) Porto – Portugal",,21496-2102-17423-1-10-20220825
15,Collision Warning in Vehicular Networks Based on Quantum Secure Multiparty Computation,Collision Warning in Vehicular Networks Based on Quantum Secure Multiparty Computation,Armando N. Pinto,"Department of Electronics, Telecommunications and Informatics – University of Aveiro Aveiro – Portugal, Instituto de Telecomunicações (IT) – Aveiro – Portugal",,21496-2102-17423-1-10-20220825
16,CV-QKD Security Limits Using Higher-Order Probabilistic Shaped Regular M-APSK Constellations,CV-QKD Security Limits Using Higher-Order Probabilistic Shaped Regular M-APSK Constellations,Margarida Almeida,"Instituto de Telecomunicacões – University of Aveiro, 3810-193, Aveiro, Portugal, Department of Electronics, Telecommunications and Informatics – University of Aveiro Aveiro – Portugal, Instituto de Telecomunicações (IT) – Aveiro – Portugal",https://orcid.org/0000-0003-1507-3125,21494-2102-17421-1-10-20220825
16,CV-QKD Security Limits Using Higher-Order Probabilistic Shaped Regular M-APSK Constellations,CV-QKD Security Limits Using Higher-Order Probabilistic Shaped Regular M-APSK Constellations,Daniel Pereira,"Instituto de Telecomunicacões – University of Aveiro, 3810-193, Aveiro, Portugal, Department of Electronics, Telecommunications and Informatics – University of Aveiro Aveiro – Portugal, Instituto de Telecomunicações (IT) – Aveiro – Portugal",,21494-2102-17421-1-10-20220825
16,CV-QKD Security Limits Using Higher-Order Probabilistic Shaped Regular M-APSK Constellations,CV-QKD Security Limits Using Higher-Order Probabilistic Shaped Regular M-APSK Constellations,Nelson J. Muga,"Instituto de Telecomunicacões – University of Aveiro, 3810-193, Aveiro, Portugal. Instituto de Telecomunicacões – University of Aveiro, 3810-193, Aveiro, Portugal. ",https://orcid.org/0000-0003-4412-8025,21494-2102-17421-1-10-20220825
16,CV-QKD Security Limits Using Higher-Order Probabilistic Shaped Regular M-APSK Constellations,CV-QKD Security Limits Using Higher-Order Probabilistic Shaped Regular M-APSK Constellations,Margarida Facão,"Department of Physics and I3N, University of Aveiro, Campus Universitário de Santiago, 3810-193, Aveiro, Portugal",https://orcid.org/0000-0002-2417-6743,21494-2102-17421-1-10-20220825
16,CV-QKD Security Limits Using Higher-Order Probabilistic Shaped Regular M-APSK Constellations,CV-QKD Security Limits Using Higher-Order Probabilistic Shaped Regular M-APSK Constellations,Armando N.Pinto,"Instituto de Telecomunicacões – University of Aveiro, 3810-193, Aveiro, Portugal, Department of Electronics, Telecommunications and Informatics – University of Aveiro Aveiro – Portugal, Instituto de Telecomunicações (IT) – Aveiro – Portugal",,21494-2102-17421-1-10-20220825
16,CV-QKD Security Limits Using Higher-Order Probabilistic Shaped Regular M-APSK Constellations,CV-QKD Security Limits Using Higher-Order Probabilistic Shaped Regular M-APSK Constellations,Nuno A. Silva,"Instituto de Telecomunicacões – University of Aveiro, 3810-193, Aveiro, Portugal. / Physics Department – University of Coimbra, R. Larga 2, 3000-370 Coimbra.",https://orcid.org/0000-0002-1061-1716,21494-2102-17421-1-10-20220825
17,Demonstration of a PolarizationDemonstration of a Polarization--encoding Quantum Key encoding Quantum Key Distribution SystemDistribution System,Demonstration of a Polarization-encoding Quantum Key Distribution System,Sara T. Mantey,"Instituto de Telecomunicacões – University of Aveiro, 3810-193, Aveiro, Portugal, Department of Electronics, Telecommunications and Informatics – University of Aveiro Aveiro – Portugal, Instituto de Telecomunicações (IT) – Aveiro – Portugal",https://orcid.org/0009-0003-1968-1360,21495-2102-17422-1-10-20220825
17,Demonstration of a PolarizationDemonstration of a Polarization--encoding Quantum Key encoding Quantum Key Distribution SystemDistribution System,Demonstration of a Polarization-encoding Quantum Key Distribution System,Mariana F. Ramos,"Instituto de Telecomunicacões – University of Aveiro, 3810-193, Aveiro, Portugal, Department of Electronics, Telecommunications and Informatics – University of Aveiro Aveiro – Portugal, Instituto de Telecomunicações (IT) – Aveiro – Portugal",,21495-2102-17422-1-10-20220825
17,Demonstration of a PolarizationDemonstration of a Polarization--encoding Quantum Key encoding Quantum Key Distribution SystemDistribution System,Demonstration of a Polarization-encoding Quantum Key Distribution System,Nuno A. Silva,"Instituto de Telecomunicacões – University of Aveiro, 3810-193, Aveiro, Portugal. / Physics Department – University of Coimbra, R. Larga 2, 3000-370 Coimbra.",https://orcid.org/0000-0002-1061-1716,21495-2102-17422-1-10-20220825
17,Demonstration of a PolarizationDemonstration of a Polarization--encoding Quantum Key encoding Quantum Key Distribution SystemDistribution System,Demonstration of a Polarization-encoding Quantum Key Distribution System,Armando N.Pinto,"Instituto de Telecomunicacões – University of Aveiro, 3810-193, Aveiro, Portugal, Department of Electronics, Telecommunications and Informatics – University of Aveiro Aveiro – Portugal, Instituto de Telecomunicações (IT) – Aveiro – Portugal",,21495-2102-17422-1-10-20220825
17,Demonstration of a PolarizationDemonstration of a Polarization--encoding Quantum Key encoding Quantum Key Distribution SystemDistribution System,Demonstration of a Polarization-encoding Quantum Key Distribution System,Nelson J. Muga,"Instituto de Telecomunicacões – University of Aveiro, 3810-193, Aveiro, Portugal. Instituto de Telecomunicacões – University of Aveiro, 3810-193, Aveiro, Portugal. ",https://orcid.org/0000-0003-4412-8025,21495-2102-17422-1-10-20220825
18,Impact of Shot Noise Estimation on the Secret Key Rate of a CV-QKD System,Impact of Shot Noise Estimation on the Secret Key Rate of a CV-QKD System,Daniel Pereira,"Instituto de Telecomunicacões – University of Aveiro, 3810-193, Aveiro, Portugal, Department of Electronics, Telecommunications and Informatics – University of Aveiro Aveiro – Portugal, Instituto de Telecomunicações (IT) – Aveiro – Portugal",,21493-2102-17420-1-10-20220825
18,Impact of Shot Noise Estimation on the Secret Key Rate of a CV-QKD System,Impact of Shot Noise Estimation on the Secret Key Rate of a CV-QKD System,Nuno A. Silva,"Instituto de Telecomunicacões – University of Aveiro, 3810-193, Aveiro, Portugal. / Physics Department – University of Coimbra, R. Larga 2, 3000-370 Coimbra.",https://orcid.org/0000-0002-1061-1716,21493-2102-17420-1-10-20220825
18,Impact of Shot Noise Estimation on the Secret Key Rate of a CV-QKD System,Impact of Shot Noise Estimation on the Secret Key Rate of a CV-QKD System,Armando N.Pinto,"Instituto de Telecomunicacões – University of Aveiro, 3810-193, Aveiro, Portugal, Department of Electronics, Telecommunications and Informatics – University of Aveiro Aveiro – Portugal, Instituto de Telecomunicações (IT) – Aveiro – Portugal",,21493-2102-17420-1-10-20220825
19,ReqRoute: Protocolo de Roteamento por Reforço para Redes de Entrelaçamento Quântico,ReqRoute: Protocolo de Roteamento por Reforço para Redes de Entrelaçamento Quântico,Arthur Pimentel,Universidade Federal do Pará (UFPA),,29824-157-24265-1-10-20240808
19,ReqRoute: Protocolo de Roteamento por Reforço para Redes de Entrelaçamento Quântico,ReqRoute: Protocolo de Roteamento por Reforço para Redes de Entrelaçamento Quântico,Diego Abreu,Universidade Federal do Pará (UFPA),https://orcid.org/0000-0003-3969-8322,29824-157-24265-1-10-20240808
19,ReqRoute: Protocolo de Roteamento por Reforço para Redes de Entrelaçamento Quântico,ReqRoute: Protocolo de Roteamento por Reforço para Redes de Entrelaçamento Quântico,Antônio Abelém,Universidade Federal do Pará (UFPA),https://orcid.org/0000-0003-4085-6674,29824-157-24265-1-10-20240808
20,Arquitetura para sistema de computação quântica distribuída multi-QPU com particionamento de circuitos,Arquitetura para sistema de computação quântica distribuída multi-QPU com particionamento de circuitos,Waldemir Cambiucci,Departamento de Engenharia de Computação e Sistemas Digitais Universidade de São Paulo (USP) – São Paulo – SP – Brasil,https://orcid.org/0000-0002-8334-1358,30007-2546-24447-1-10-20240828
20,Arquitetura para sistema de computação quântica distribuída multi-QPU com particionamento de circuitos,Arquitetura para sistema de computação quântica distribuída multi-QPU com particionamento de circuitos,Regina Melo Silveira,Departamento de Engenharia de Computação e Sistemas Digitais Universidade de São Paulo (USP) – São Paulo – SP – Brasil,https://orcid.org/0000-0003-0059-6310,30007-2546-24447-1-10-20240828
20,Arquitetura para sistema de computação quântica distribuída multi-QPU com particionamento de circuitos,Arquitetura para sistema de computação quântica distribuída multi-QPU com particionamento de circuitos,Wilson Vicente Ruggiero ,Departamento de Engenharia de Computação e Sistemas Digitais Universidade de São Paulo (USP) – São Paulo – SP – Brasil,https://orcid.org/0000-0003-3612-3937,30007-2546-24447-1-10-20240828
